horizon,horizon_periods,model_type,prob_threshold,regime_filter,n_signals,mean_direction_acc,wilson_lower,wilson_upper,significant,mean_sharpe,mean_return_pct,mean_buy_hold_pct,pct_beat_bh,mean_n_trades,mean_win_rate,mean_max_dd_pct
1h,1,logistic,0.58,none,3216,0.5176315572884358,0.5004432373402055,0.534962232605434,True,-16.704485319689212,0.005985070989366863,1.9729238782492644,0.3142857142857143,4.571428571428571,0.5932823129251701,-0.14228122425146922
1h,1,logistic,0.58,vol_median,1754,0.48280922304049745,0.45957352215680575,0.5062937068251224,False,-14.516609678968068,0.03197572493239852,1.9729238782492644,0.2857142857142857,3.0285714285714285,0.5419047619047619,-0.13580912138354426
1h,1,logistic,0.62,none,1391,0.5161355742013409,0.48990505506683374,0.5423566759818306,False,-10.117569098197245,0.04745114575370619,1.9729238782492644,0.2857142857142857,2.4285714285714284,0.42738095238095236,-0.12822221682993298
1h,1,logistic,0.62,vol_median,927,0.5273723545489746,0.49532266734145824,0.5594664694301389,False,-8.095540921126249,0.09348765712735162,1.9729238782492644,0.3142857142857143,1.7714285714285714,0.4799999999999999,-0.12140430817828783
1h,1,logistic,0.65,none,801,0.5755633666826362,0.5410213561723686,0.609318811663042,True,-5.245482774554436,0.08435648807518348,1.9729238782492644,0.3142857142857143,1.3142857142857143,0.41142857142857137,-0.12701813441857232
1h,1,logistic,0.65,vol_median,608,0.541035085223847,0.5013750534776327,0.5803454629717977,True,-4.772417279052318,0.09996532411156389,1.9729238782492644,0.3142857142857143,1.0285714285714285,0.39285714285714285,-0.11055042971843064
1h,1,logistic,0.7,none,386,0.5476778248710152,0.49675340577679616,0.5955918263309004,False,-2.251266189434474,0.06000142686005556,1.9729238782492644,0.3142857142857143,0.7142857142857143,0.2523809523809524,-0.1135595337571706
1h,1,logistic,0.7,vol_median,329,0.5273146097775674,0.47189314165343116,0.5791822263618199,False,-2.242627292062659,0.07322476490818852,1.9729238782492644,0.3142857142857143,0.6571428571428571,0.2571428571428571,-0.1051928614136668
1h,1,rf,0.58,none,1417,0.5329006782310776,0.5067846682840352,0.5586695028500127,True,-14.727780012295762,-0.014094673046549972,1.9729238782492644,0.3142857142857143,3.1142857142857143,0.4619047619047618,-0.14085201343806597
1h,1,rf,0.58,vol_median,521,0.524478727484181,0.4810892505132802,0.5665441816019616,False,-9.671235740361432,0.01944884549796244,1.9729238782492644,0.3142857142857143,2.0285714285714285,0.5142857142857142,-0.1603839313529759
1h,1,rf,0.62,none,229,0.6029775145564139,0.538048831783603,0.6638052548470499,True,-5.634608596896801,-0.014620585281257537,1.9729238782492644,0.3142857142857143,1.0857142857142856,0.3619047619047619,-0.18458858492061708
1h,1,rf,0.62,vol_median,117,0.6486502386502386,0.5596196597083499,0.7300160360335676,True,-4.164801411558825,0.03988525873476962,1.9729238782492644,0.3142857142857143,0.7428571428571429,0.44285714285714284,-0.21390811444740407
1h,1,rf,0.65,none,51,0.6020408163265305,0.4708515898394834,0.7297265901824019,False,-2.9744248724858826,-0.020781881489582155,1.9729238782492644,0.3142857142857143,0.5142857142857142,0.2,-0.20905754533312507
1h,1,rf,0.65,vol_median,37,0.5857142857142857,0.43485964730229365,0.7365348180798572,False,-2.962166638578734,-0.016386317619295605,1.9729238782492644,0.3142857142857143,0.5142857142857142,0.2,-0.2094265223316573
1h,1,gbm,0.58,none,3139,0.5230428766257831,0.5056063130689727,0.5405302808063064,True,-17.04203434120893,-0.03177352492451403,1.9729238782492644,0.3142857142857143,8.114285714285714,0.5652185261296274,-0.17919102178707796
1h,1,gbm,0.58,vol_median,1533,0.5049318107428821,0.47988343072202166,0.5298768473560505,False,-13.944480265741682,0.015004481916668842,1.9729238782492644,0.3142857142857143,5.0285714285714285,0.571510790796505,-0.17713872658445246
1h,1,gbm,0.62,none,1449,0.4987999140107272,0.47325718657432914,0.524677894379077,False,-18.077382600976943,3.804168787630806e-05,1.9729238782492644,0.3142857142857143,4.514285714285714,0.5664812964812965,-0.19368962022709046
1h,1,gbm,0.62,vol_median,777,0.4960173081974598,0.46044899977948855,0.530586312291963,False,-9.035351711522713,0.030647222080054184,1.9729238782492644,0.3142857142857143,2.8285714285714287,0.4836734693877552,-0.18679094194846
1h,1,gbm,0.65,none,761,0.5409675326159538,0.5058710336697005,0.576498978145741,True,-7.5662547963012265,0.06168939564161503,1.9729238782492644,0.3142857142857143,2.942857142857143,0.481201814058957,-0.1858643399578357
1h,1,gbm,0.65,vol_median,436,0.5308605259053388,0.48291130706102586,0.5762009013917913,False,-5.222465603811922,0.07124180046551322,1.9729238782492644,0.3142857142857143,1.9714285714285715,0.4761904761904761,-0.19688169471831418
1h,1,gbm,0.7,none,247,0.5422402755974184,0.4802042497917791,0.6035139684753661,False,-7.517804164016739,0.025068698426366737,1.9729238782492644,0.3142857142857143,1.2857142857142858,0.32857142857142857,-0.24036211398699986
1h,1,gbm,0.7,vol_median,152,0.5364187796330654,0.46023838290825614,0.6167629496691474,False,-7.381468195273257,0.0413535762519495,1.9729238782492644,0.3142857142857143,0.9142857142857143,0.3476190476190476,-0.23860719112313475
4h,4,logistic,0.58,none,5245,0.5150407815616331,0.5014352091050881,0.5284761534749648,True,-14.892067306968372,0.0674360295762574,1.9729238782492644,0.2857142857142857,6.714285714285714,0.5496015888873031,-0.17027168457977004
4h,4,logistic,0.58,vol_median,2713,0.520397196363762,0.5016426377359195,0.5392136292500025,True,-13.338221863152153,0.0831097478576935,1.9729238782492644,0.3142857142857143,4.314285714285714,0.5921428571428572,-0.1630784697519937
4h,4,logistic,0.62,none,2964,0.5441515293404915,0.5262215319114473,0.5620581163228989,True,-9.187719549597006,0.08892594759437156,1.9729238782492644,0.2857142857142857,3.914285714285714,0.5320975056689343,-0.18390068920589844
4h,4,logistic,0.62,vol_median,1623,0.546969474533765,0.5228349814676123,0.5712122898079246,True,-7.274225077115821,0.09874401065301892,1.9729238782492644,0.3142857142857143,2.6285714285714286,0.5351020408163265,-0.17420337478502904
4h,4,logistic,0.65,none,2024,0.5302219276975182,0.5083586271814227,0.5518038670162007,True,-5.842531172626522,0.09307577260304718,1.9729238782492644,0.2857142857142857,2.742857142857143,0.5143197278911564,-0.20806713612426733
4h,4,logistic,0.65,vol_median,1201,0.5109190462870319,0.48297915889788784,0.5394304285232053,False,-5.268559989352349,0.10969902654480183,1.9729238782492644,0.3142857142857143,1.7428571428571429,0.5104761904761905,-0.19920830434262551
4h,4,logistic,0.7,none,1139,0.5163571433207963,0.4872145126343448,0.5451609316710975,False,-3.0771386101410494,0.09737962216618172,1.9729238782492644,0.3142857142857143,1.5714285714285714,0.2895238095238095,-0.20714331640229433
4h,4,logistic,0.7,vol_median,748,0.5236662574944603,0.4882423889857772,0.5596400463037956,False,-2.979753311388716,0.0904678060848615,1.9729238782492644,0.3142857142857143,1.1428571428571428,0.2738095238095238,-0.19817170478108134
4h,4,rf,0.58,none,3639,0.5308732379353217,0.5146768118179268,0.5470881599886805,True,-17.36058021484104,0.03501389112202943,1.9729238782492644,0.3142857142857143,3.4571428571428573,0.5983333333333333,-0.1378463645243136
4h,4,rf,0.58,vol_median,1081,0.5108998030895456,0.48085405131470627,0.5403472033137836,False,-17.2815516709236,0.06038061267897759,1.9729238782492644,0.3142857142857143,1.5714285714285714,0.5595238095238095,-0.16252312057918047
4h,4,rf,0.62,none,1755,0.5831546071693466,0.5596805631713347,0.6057692552535255,True,-13.184196063978138,0.03807524423042156,1.9729238782492644,0.3142857142857143,1.6857142857142857,0.5185714285714286,-0.1500897962548709
4h,4,rf,0.62,vol_median,469,0.5650664486582272,0.519816171638351,0.6091911285085928,True,-6.849715091989536,0.09904206766647716,1.9729238782492644,0.3142857142857143,0.9142857142857143,0.5428571428571428,-0.2000405121740707
4h,4,rf,0.65,none,1039,0.5034877082856853,0.4730103771566729,0.53370205256195,False,-8.9688992788125,0.028898727474879444,1.9729238782492644,0.3142857142857143,1.1428571428571428,0.38095238095238093,-0.16073731505670175
4h,4,rf,0.65,vol_median,293,0.57078523496259,0.5127332790261224,0.6253875891399577,True,-3.747164193251545,0.10355805419856859,1.9729238782492644,0.3142857142857143,0.6857142857142857,0.4142857142857143,-0.23596232396992578
4h,4,rf,0.7,none,428,0.5654723461747486,0.5180823300446276,0.6115948902781481,True,-3.452725156018841,0.023828427061613082,1.9729238782492644,0.3142857142857143,0.8,0.3,-0.1826632734551226
4h,4,rf,0.7,vol_median,143,0.6158751962323391,0.533619870091324,0.6911123020419958,True,-2.861176921456908,0.06801164339524617,1.9729238782492644,0.3142857142857143,0.5142857142857142,0.2857142857142857,-0.25075630591211556
4h,4,gbm,0.58,none,5490,0.5252556938166658,0.5120965289078505,0.5385055865852448,True,-11.699209172076682,0.04186889397208888,1.9729238782492644,0.3142857142857143,8.2,0.5567212945784374,-0.19308309851814712
4h,4,gbm,0.58,vol_median,2310,0.5026474292383168,0.4822205378574683,0.5229656428785775,False,-13.306135031191845,0.10607633472747972,1.9729238782492644,0.3142857142857143,4.685714285714286,0.6063780663780663,-0.17949867340818673
4h,4,gbm,0.62,none,3269,0.5314619474166151,0.5142220968334126,0.5484146066486644,True,-9.754807561806496,0.02732892791558956,1.9729238782492644,0.2857142857142857,4.542857142857143,0.5533333333333333,-0.22930196793268862
4h,4,gbm,0.62,vol_median,1286,0.4839018522162271,0.4564468105575675,0.5109910480158415,False,-9.935436894678292,0.0915669917505573,1.9729238782492644,0.3142857142857143,2.342857142857143,0.6015986394557823,-0.23193996133737887
4h,4,gbm,0.65,none,2261,0.5515319319828076,0.5309558932692421,0.5719210648915837,True,-7.318187931887568,0.06453024646436616,1.9729238782492644,0.3142857142857143,3.4571428571428573,0.5185034013605442,-0.23856286475134467
4h,4,gbm,0.65,vol_median,902,0.4980046353227885,0.46523185696251546,0.530352359280791,False,-6.052128719955701,0.16169739077337017,1.9729238782492644,0.3142857142857143,1.8857142857142857,0.560952380952381,-0.2466302200317152
4h,4,gbm,0.7,none,1180,0.5535212750324067,0.5248968404892079,0.581536330153014,True,-6.930266660234181,0.08000577097384934,1.9729238782492644,0.3142857142857143,1.9714285714285715,0.5442857142857142,-0.26131384083432646
4h,4,gbm,0.7,vol_median,503,0.5160550095553659,0.4732658748440697,0.5602751855884278,False,-4.3465271888037105,0.1301660690030821,1.9729238782492644,0.3142857142857143,1.1428571428571428,0.4761904761904761,-0.25843070057002643
12h,12,logistic,0.58,none,7056,0.5279290253388371,0.5162592188142999,0.5395493998775164,True,-9.083634208618733,0.10590333469753466,1.9729238782492644,0.2857142857142857,9.057142857142857,0.561630246504196,-0.2115241170537956
12h,12,logistic,0.58,vol_median,3594,0.5571030442788851,0.5407472215207512,0.5732099955197103,True,-9.438600950373738,0.0680120289398494,1.9729238782492644,0.2857142857142857,5.742857142857143,0.6311904761904762,-0.23008019327106508
12h,12,logistic,0.62,none,4980,0.5281898578718582,0.5142312361365406,0.5419503262814291,True,-8.062017386379217,0.08547696212368823,1.9729238782492644,0.2857142857142857,6.742857142857143,0.5517582417582417,-0.23527628358443414
12h,12,logistic,0.62,vol_median,2614,0.5514078942343773,0.532134567309907,0.5702398523085869,True,-8.112851867625322,0.07183640170326624,1.9729238782492644,0.2857142857142857,4.0285714285714285,0.6128571428571428,-0.263682328646203
12h,12,logistic,0.65,none,3745,0.5185173498249039,0.5025445665154127,0.5345335552261576,True,-7.181482958722563,0.07751801972562548,1.9729238782492644,0.2857142857142857,4.942857142857143,0.6000597814883529,-0.25982471984945826
12h,12,logistic,0.65,vol_median,2019,0.5573305222062889,0.5354517166540692,0.5787440840067853,True,-6.294437728967468,0.08079825348028409,1.9729238782492644,0.2857142857142857,2.914285714285714,0.6173129251700681,-0.29028639597721995
12h,12,logistic,0.7,none,2305,0.4843410314605196,0.46380654461173004,0.5045758665230359,False,-5.760627809995687,0.06516095207187243,1.9729238782492644,0.2857142857142857,3.257142857142857,0.495498866213152,-0.2936640849281515
12h,12,logistic,0.7,vol_median,1328,0.4797941144174092,0.4528965225702179,0.5065581109806738,False,-5.1332149106599205,0.0903351960215166,1.9729238782492644,0.2857142857142857,2.0285714285714285,0.44642857142857145,-0.2960342007937026
12h,12,rf,0.58,none,4839,0.5002665473252931,0.48622762053241825,0.514391850500344,False,-17.17244363369266,0.05426962884265744,1.9729238782492644,0.3142857142857143,3.8857142857142857,0.6122789115646258,-0.1292606184249381
12h,12,rf,0.58,vol_median,1953,0.4946657505524907,0.47248209421395015,0.5167863261246827,False,-14.87408438607179,0.08575417455943717,1.9729238782492644,0.2857142857142857,2.257142857142857,0.5880952380952381,-0.14435167857495418
12h,12,rf,0.62,none,2790,0.5042259846098099,0.4857555268274014,0.5228347959785786,False,-9.007468642196246,0.005094577155954231,1.9729238782492644,0.2857142857142857,1.7142857142857142,0.37517006802721087,-0.12873663177860697
12h,12,rf,0.62,vol_median,937,0.4706309667549394,0.438876516492046,0.5026651752729615,False,-4.310859896141257,0.06070134882904611,1.9729238782492644,0.2857142857142857,0.8571428571428571,0.2857142857142857,-0.13139146814712277
12h,12,rf,0.65,none,1891,0.5191472493283149,0.4967666615074731,0.5417589891004853,False,-5.237875922152059,0.014846181664795375,1.9729238782492644,0.2857142857142857,1.1142857142857143,0.3,-0.12733706173795234
12h,12,rf,0.65,vol_median,529,0.4581792577122132,0.4154722811369464,0.5000748309447677,False,-2.745360110420569,0.07907751813974866,1.9729238782492644,0.2857142857142857,0.6,0.2714285714285714,-0.15267595263657024
12h,12,rf,0.7,none,1037,0.54555428876343,0.5153877468242204,0.575884559053793,True,-2.2594867715882443,0.06796236963848346,1.9729238782492644,0.3142857142857143,0.6571428571428571,0.2523809523809524,-0.1583503857448035
12h,12,rf,0.7,vol_median,187,0.5677142566428282,0.49518486226432,0.6358139267539973,False,-1.447818337777234,0.12927045392282385,1.9729238782492644,0.3142857142857143,0.4,0.2857142857142857,-0.20922193951477291
12h,12,gbm,0.58,none,6912,0.5144331094021097,0.5026804105720121,0.5262387023357763,True,-10.948113096796737,0.060507650927706144,1.9729238782492644,0.3142857142857143,7.514285714285714,0.5239426446569303,-0.19604138934100415
12h,12,gbm,0.58,vol_median,3154,0.528408466013449,0.5110898146812779,0.5459111470032334,True,-11.64427517752182,0.08805385491949329,1.9729238782492644,0.2857142857142857,4.514285714285714,0.5557142857142858,-0.19473291871601403
12h,12,gbm,0.62,none,5042,0.5227601761850119,0.5090094555923877,0.5365726345063676,True,-8.703199011574341,0.08060549616370626,1.9729238782492644,0.3142857142857143,4.942857142857143,0.48213151927437636,-0.2254939657964313
12h,12,gbm,0.62,vol_median,2230,0.520058760762513,0.4994271132094679,0.5408622276677101,False,-8.184548036625538,0.09368809739208141,1.9729238782492644,0.2857142857142857,2.742857142857143,0.5379591836734694,-0.22193087510877413
12h,12,gbm,0.65,none,3929,0.5167104654163166,0.5010366912011315,0.5322725589610355,True,-8.767494058700086,0.05304769072984002,1.9729238782492644,0.3142857142857143,3.657142857142857,0.49704081632653063,-0.2492511985711728
12h,12,gbm,0.65,vol_median,1639,0.5161627339232958,0.49196520943305,0.5402959681233321,False,-7.544359550619033,0.13144745037295869,1.9729238782492644,0.2857142857142857,2.057142857142857,0.5438095238095237,-0.24934818841360742
12h,12,gbm,0.7,none,2525,0.48728198997803895,0.46766716107042117,0.506629369155593,False,-5.578681616470444,0.10660845891862351,1.9729238782492644,0.3142857142857143,2.257142857142857,0.3689795918367347,-0.2456360546813204
12h,12,gbm,0.7,vol_median,989,0.4816077805250973,0.45028702907302987,0.5124461951781523,False,-4.1524606287433095,0.13617571989366972,1.9729238782492644,0.3142857142857143,1.2857142857142858,0.3476190476190476,-0.23497491462356435
24h,24,logistic,0.58,none,7313,0.5381749009616555,0.5267764308654566,0.549622655153567,True,-9.912153553922533,0.11530959591983882,1.9729238782492644,0.2857142857142857,6.142857142857143,0.6436559472273758,-0.16233317543141354
24h,24,logistic,0.58,vol_median,3938,0.5792380038487681,0.5637390672245451,0.5945625810073162,True,-11.021358484445893,0.08781906774376085,1.9729238782492644,0.3142857142857143,4.085714285714285,0.6540136054421769,-0.17588146587340567
24h,24,logistic,0.62,none,5423,0.5491551163680501,0.5358692726123503,0.5623462370988596,True,-8.604045470031535,0.1040040812731797,1.9729238782492644,0.2857142857142857,4.228571428571429,0.6620408163265306,-0.20187644558013013
24h,24,logistic,0.62,vol_median,3026,0.5886795954010523,0.5709310255613346,0.6059759206551275,True,-9.324603298856625,0.08639674938921482,1.9729238782492644,0.3142857142857143,2.7142857142857144,0.7038095238095238,-0.2122169978754254
24h,24,logistic,0.65,none,4310,0.5579424556019372,0.5431330490461889,0.5727729258888957,True,-8.058199045724344,0.07917437619263097,1.9729238782492644,0.3142857142857143,3.2,0.7066666666666667,-0.2346950117965648
24h,24,logistic,0.65,vol_median,2463,0.6034462088802458,0.5838626970622405,0.62247403292094,True,-6.364299820280407,0.10271169830550907,1.9729238782492644,0.3142857142857143,2.257142857142857,0.6738095238095239,-0.22865613603571713
24h,24,logistic,0.7,none,2802,0.5635357202918865,0.5450881713302698,0.5817899881184212,True,-5.492550079264988,0.06848863325953612,1.9729238782492644,0.3142857142857143,2.142857142857143,0.5785714285714286,-0.2575383177254587
24h,24,logistic,0.7,vol_median,1649,0.6109466785552086,0.5869076754652736,0.6339241520836485,True,-4.892830729897284,0.10849373141009881,1.9729238782492644,0.3142857142857143,1.6,0.5976190476190476,-0.26794808142498505
24h,24,rf,0.58,none,6289,0.5240212199551755,0.511735679239495,0.536414270506225,True,-14.8572870607763,0.030327078498932902,1.9729238782492644,0.3142857142857143,4.285714285714286,0.5704081632653062,-0.14259999947570312
24h,24,rf,0.58,vol_median,3002,0.5617535956671187,0.5438083874184219,0.5792852637501149,True,-16.005816423381766,0.04316713292881572,1.9729238782492644,0.3142857142857143,1.8857142857142857,0.5880952380952381,-0.10493677306934433
24h,24,rf,0.62,none,4260,0.5258084542013679,0.5108105223670926,0.5407861427820962,True,-9.443895452126036,0.049651734537522633,1.9729238782492644,0.3142857142857143,2.7142857142857144,0.5066666666666667,-0.1480859244308037
24h,24,rf,0.62,vol_median,1996,0.5766943331553517,0.5548506838451132,0.5981614455166054,True,-6.92116420250647,0.047583512118526246,1.9729238782492644,0.3142857142857143,0.9142857142857143,0.45714285714285713,-0.08297712269170539
24h,24,rf,0.65,none,3105,0.5472778306831005,0.5296260447422261,0.5646212830424293,True,-8.827050181918679,0.04698471756484825,1.9729238782492644,0.3142857142857143,1.7428571428571429,0.3904761904761905,-0.1304036622388378
24h,24,rf,0.65,vol_median,1389,0.6042075192970364,0.5780594707834769,0.6294300451049243,True,-4.184244679135765,0.03933822582620745,1.9729238782492644,0.3142857142857143,0.5142857142857142,0.4,-0.08276573800041796
24h,24,rf,0.7,none,1776,0.6074408757736774,0.5846265953098102,0.6299992625759305,True,-5.467356822691679,0.0504698012198111,1.9729238782492644,0.3142857142857143,0.6857142857142857,0.32380952380952377,-0.06752076456509747
24h,24,rf,0.7,vol_median,629,0.6067853357154629,0.5686083578037535,0.6447152133977503,True,-1.067032672331272,0.020962994109389652,1.9729238782492644,0.3142857142857143,0.14285714285714285,0.11428571428571428,-0.03599522519034414
24h,24,gbm,0.58,none,8394,0.5169532707388741,0.5062213724776132,0.5275968415709147,True,-8.970251633089665,0.1189609920001154,1.9729238782492644,0.3142857142857143,7.457142857142857,0.5807905586477015,-0.22911452772586835
24h,24,gbm,0.58,vol_median,4143,0.5590135337875326,0.5438487497827033,0.5740723245713341,True,-10.419259228819518,0.11691945378431784,1.9729238782492644,0.3142857142857143,3.5428571428571427,0.6733333333333333,-0.1936272001231828
24h,24,gbm,0.62,none,6755,0.5169875382549811,0.5050274642181745,0.5288540821082512,True,-8.32307388480114,0.13341504488522563,1.9729238782492644,0.3142857142857143,5.771428571428571,0.6298866213151928,-0.24344578285860982
24h,24,gbm,0.62,vol_median,3294,0.570177970646124,0.5531494201901104,0.5869422142225429,True,-8.243571443711401,0.12786343552543206,1.9729238782492644,0.3142857142857143,2.742857142857143,0.6747619047619048,-0.21425971237241248
24h,24,gbm,0.65,none,5582,0.511423206396411,0.4983488385753938,0.5245662407270939,False,-5.940520324926451,0.11367044566024236,1.9729238782492644,0.3142857142857143,4.628571428571429,0.5724036281179139,-0.26345923624808404
24h,24,gbm,0.65,vol_median,2697,0.5620803417921062,0.5433067095926706,0.5807287086677836,True,-6.548769038777944,0.11344710817799404,1.9729238782492644,0.3142857142857143,2.2,0.6142857142857143,-0.22748513091042782
24h,24,gbm,0.7,none,3916,0.5201973474894176,0.504514104658849,0.5357936480040699,True,-4.614627487336853,0.09058751625484561,1.9729238782492644,0.3142857142857143,3.142857142857143,0.5,-0.2932661291727864
24h,24,gbm,0.7,vol_median,1794,0.5801152623959311,0.5572829094352809,0.6029091912569098,True,-5.362256782417788,0.10485125390869891,1.9729238782492644,0.3142857142857143,1.4,0.4952380952380952,-0.21958440734216542
3d,72,logistic,0.58,none,8888,0.5951888946659021,0.584940813863172,0.6053459796920075,True,-10.813925922291881,0.005895449219305452,1.9729238782492644,0.2857142857142857,4.742857142857143,0.6552721088435375,-0.2266892172515083
3d,72,logistic,0.58,vol_median,4716,0.5907488900019858,0.5766533329586738,0.6047086910559805,True,-9.10497920025295,0.08667105555321639,1.9729238782492644,0.3142857142857143,2.8285714285714287,0.6095238095238095,-0.22781294237950164
3d,72,logistic,0.62,none,7405,0.6098770857488529,0.5986940496198039,0.6209084360107873,True,-7.782984170023885,0.048268396957899765,1.9729238782492644,0.2857142857142857,3.5142857142857142,0.6341496598639456,-0.2748554265018423
3d,72,logistic,0.62,vol_median,4062,0.600194215643524,0.5850448310473508,0.6151597288805963,True,-7.361096703899399,0.13162072562799887,1.9729238782492644,0.3142857142857143,2.1714285714285713,0.6299999999999999,-0.25926463606781147
3d,72,logistic,0.65,none,6419,0.6167542644398004,0.6048028169697686,0.6285829842539834,True,-7.0445061624808005,0.029388766826897568,1.9729238782492644,0.2857142857142857,2.857142857142857,0.6034013605442178,-0.3116130988401068
3d,72,logistic,0.65,vol_median,3615,0.6071013736953276,0.5911663663440974,0.622990570017673,True,-6.846306073747262,0.12842878115408754,1.9729238782492644,0.3142857142857143,1.7714285714285714,0.6857142857142857,-0.27062040031187407
3d,72,logistic,0.7,none,5024,0.6156902057231578,0.6021103913998966,0.6290027034574248,True,-5.013243876235798,0.0810328403129582,1.9729238782492644,0.2857142857142857,2.3142857142857145,0.6423809523809524,-0.4053038907264316
3d,72,logistic,0.7,vol_median,2918,0.5990771080358437,0.5811393115767551,0.6166811410884936,True,-4.976685550574356,0.1818692885977637,1.9729238782492644,0.3142857142857143,1.6,0.7238095238095238,-0.3460308702321611
3d,72,rf,0.58,none,9204,0.58431125233459,0.5742095041980677,0.5943424856402515,True,-10.906494898382412,-0.01326559400624364,1.9729238782492644,0.2571428571428571,3.8857142857142857,0.6281632653061224,-0.22618882698892273
3d,72,rf,0.58,vol_median,4456,0.6007356136306591,0.5863026999378882,0.6150497490878348,True,-12.289366366269702,0.05792130915252373,1.9729238782492644,0.3142857142857143,1.9428571428571428,0.7595238095238095,-0.16895101464016948
3d,72,rf,0.62,none,7710,0.5889726692850993,0.577951137721056,0.5999109569725203,True,-8.212159142121124,0.016671452078779656,1.9729238782492644,0.2571428571428571,3.1714285714285713,0.6114285714285714,-0.2584982861303259
3d,72,rf,0.62,vol_median,3683,0.6043010003667051,0.5885056391011503,0.6200739834807165,True,-8.77904218518919,0.07687838013495739,1.9729238782492644,0.3142857142857143,1.4285714285714286,0.7190476190476189,-0.19042644134098993
3d,72,rf,0.65,none,6612,0.5958794293413776,0.5840057901168335,0.6076553928018437,True,-6.790926348156485,0.011925603549393569,1.9729238782492644,0.2571428571428571,2.7142857142857144,0.6123809523809522,-0.28964196102801965
3d,72,rf,0.65,vol_median,3145,0.6126910934155312,0.5955661368069354,0.6295960408612713,True,-7.71042711345025,0.08003332151288614,1.9729238782492644,0.2857142857142857,1.2,0.6761904761904761,-0.21479795651979544
3d,72,rf,0.7,none,4917,0.59769441240287,0.583945040266156,0.6113467625773171,True,-5.3856376342241035,0.02641005402932915,1.9729238782492644,0.2857142857142857,2.0285714285714285,0.629047619047619,-0.3393953891303669
3d,72,rf,0.7,vol_median,2260,0.6177357147199085,0.5974806033571874,0.6375181850637718,True,-5.740222936437256,0.10623186890733224,1.9729238782492644,0.2857142857142857,1.0571428571428572,0.6761904761904761,-0.2322520293612493
3d,72,gbm,0.58,none,9931,0.5671322660936168,0.5573441631050089,0.5768300967989062,True,-8.816561032677622,0.025601169578669696,1.9729238782492644,0.2857142857142857,5.6571428571428575,0.6132199546485261,-0.24489052548093956
3d,72,gbm,0.58,vol_median,4922,0.5694480412130627,0.5556021676758285,0.5832573562690933,True,-9.572440726786139,0.10995094934083063,1.9729238782492644,0.3142857142857143,3.4285714285714284,0.6933333333333334,-0.1992899623904604
3d,72,gbm,0.62,none,8681,0.5743388736946408,0.5639261104762492,0.5847236957546758,True,-6.919545816181751,0.06111736079324581,1.9729238782492644,0.2857142857142857,4.371428571428571,0.6367460317460317,-0.27782081624890514
3d,72,gbm,0.62,vol_median,4248,0.579599063208447,0.5646573254137986,0.594332610252217,True,-7.50372652013575,0.13621584373315748,1.9729238782492644,0.3142857142857143,2.5142857142857142,0.7133333333333333,-0.23356392547495325
3d,72,gbm,0.65,none,7743,0.5792902366503409,0.5682000645814911,0.5901870673253993,True,-6.240645678303124,0.05307098345916948,1.9729238782492644,0.2857142857142857,3.942857142857143,0.6548979591836734,-0.31113758119464185
3d,72,gbm,0.65,vol_median,3712,0.5937278048525939,0.5778614790208948,0.6094446823730014,True,-6.715431772035321,0.15157407572098508,1.9729238782492644,0.3142857142857143,2.085714285714286,0.7928571428571428,-0.2390192007899023
3d,72,gbm,0.7,none,6308,0.5731741276590983,0.5609936991700314,0.5853978105071843,True,-4.950121327771659,0.06405908495409277,1.9729238782492644,0.3142857142857143,3.085714285714286,0.6628571428571428,-0.379821413568453
3d,72,gbm,0.7,vol_median,3005,0.5863542979731322,0.5686483192097115,0.6038433215440756,True,-5.590394713163483,0.13643334097712073,1.9729238782492644,0.3142857142857143,1.4857142857142858,0.7238095238095238,-0.28865222672156565
7d,168,logistic,0.58,none,8620,0.46182622386681954,0.451327924078672,0.4723719719430736,False,-11.272135919584551,-0.04609588706889291,1.9729238782492644,0.2571428571428571,4.285714285714286,0.6490371533228676,-0.27189116890956255
7d,168,logistic,0.58,vol_median,4446,0.47607290556520854,0.46150481005297456,0.49085304315103945,False,-9.764669792681053,0.06036733270035764,1.9729238782492644,0.3142857142857143,2.5714285714285716,0.708095238095238,-0.23704494046578395
7d,168,logistic,0.62,none,6930,0.47327140597465317,0.461567267978634,0.4850712581259231,False,-8.337829997109429,-0.019810644389719467,1.9729238782492644,0.2571428571428571,3.4285714285714284,0.6555782312925169,-0.32712410788988056
7d,168,logistic,0.62,vol_median,3618,0.4812357941991395,0.4649528058413254,0.4974972346846663,False,-7.865768955863655,0.09370511129420413,1.9729238782492644,0.3142857142857143,2.057142857142857,0.6452380952380952,-0.26291022664076386
7d,168,logistic,0.65,none,5708,0.47856623149901023,0.4656859915531423,0.4915957359319236,False,-7.315440139146077,0.0065216979579812194,1.9729238782492644,0.2571428571428571,3.085714285714286,0.6799999999999999,-0.35878281608666884
7d,168,logistic,0.65,vol_median,3048,0.4896508805579065,0.4717791076073033,0.5072499471900809,False,-6.354685354912567,0.10390673825111385,1.9729238782492644,0.3142857142857143,1.7714285714285714,0.6480952380952381,-0.28062155668654126
7d,168,logistic,0.7,none,4096,0.5267546315275986,0.5115473341562483,0.5421132774087857,True,-4.785071818559033,0.02697633043364884,1.9729238782492644,0.2571428571428571,2.4,0.6447619047619048,-0.4170585846909356
7d,168,logistic,0.7,vol_median,2193,0.5522975942138115,0.5313260891171065,0.5729144782121953,True,-4.811416420259239,0.09500750721036542,1.9729238782492644,0.3142857142857143,1.4,0.6261904761904761,-0.32029495303790484
7d,168,rf,0.58,none,8127,0.4652956837495774,0.4544140136944827,0.4760974834412703,False,-15.988459155830174,-0.06259679684206867,1.9729238782492644,0.2571428571428571,3.942857142857143,0.616326530612245,-0.23385971402188796
7d,168,rf,0.58,vol_median,3627,0.4809823948349332,0.4648819272619171,0.4973857725113201,False,-12.779473021806895,0.020797430178475716,1.9729238782492644,0.2857142857142857,1.8857142857142857,0.5214285714285715,-0.15272266126220624
7d,168,rf,0.62,none,6239,0.436320986744697,0.4240251085533971,0.4486290337559961,False,-11.612915336951318,-0.05600783901480698,1.9729238782492644,0.2571428571428571,2.9714285714285715,0.6191836734693877,-0.286299274420725
7d,168,rf,0.62,vol_median,2489,0.4751332615594376,0.45572554044258357,0.49493317491022165,False,-10.007380058844031,0.03541466197047173,1.9729238782492644,0.2857142857142857,1.1142857142857143,0.5571428571428572,-0.20009312279521502
7d,168,rf,0.65,none,5276,0.42339414265934194,0.4101547699457188,0.4368103318851086,False,-12.306695061158837,-0.04425550284555443,1.9729238782492644,0.2571428571428571,2.5142857142857142,0.6138095238095238,-0.28714718233152686
7d,168,rf,0.65,vol_median,1991,0.48493277868181295,0.46328009652587193,0.5071436182314506,False,-12.276447600737477,0.0284739307937503,1.9729238782492644,0.2857142857142857,0.8857142857142857,0.45714285714285713,-0.19891459722806237
7d,168,rf,0.7,none,3894,0.41183724907618496,0.39655121349282546,0.4274539423742499,False,-8.647935187266977,-0.020392233610824522,1.9729238782492644,0.2571428571428571,1.8,0.48999999999999994,-0.29077960339945286
7d,168,rf,0.7,vol_median,1317,0.48424237943764664,0.4575280989357713,0.5114310825570577,False,-3.4306740689488886,0.025289362553862254,1.9729238782492644,0.3142857142857143,0.5428571428571428,0.35714285714285715,-0.17343110432435577
7d,168,gbm,0.58,none,9169,0.45673954310460757,0.44658076336477753,0.4669683802064935,False,-10.372418924104208,-0.0591847767363959,1.9729238782492644,0.2571428571428571,5.9714285714285715,0.5739270253555968,-0.2781108337859433
7d,168,gbm,0.58,vol_median,4224,0.4791261621474544,0.4641270939866265,0.4942440980946647,False,-11.314054649515919,0.02616944898795794,1.9729238782492644,0.2857142857142857,3.085714285714286,0.520952380952381,-0.2120554932548167
7d,168,gbm,0.62,none,7810,0.4435512593121801,0.4325462992312937,0.4545770824436249,False,-8.83408625348497,-0.06678027248831787,1.9729238782492644,0.2571428571428571,4.514285714285714,0.586360544217687,-0.3181591180434505
7d,168,gbm,0.62,vol_median,3426,0.4693286191548447,0.4526844897152135,0.48608819044470103,False,-9.006773912307114,0.03673836095497445,1.9729238782492644,0.2857142857142857,2.1142857142857143,0.5161904761904762,-0.23189867282911442
7d,168,gbm,0.65,none,6849,0.4346917534031762,0.4229619534419934,0.446435287778582,False,-7.606740651273922,-0.06128286462815951,1.9729238782492644,0.2571428571428571,3.5714285714285716,0.5533333333333333,-0.36227972360972044
7d,168,gbm,0.65,vol_median,2863,0.46231941405805294,0.4442511522277701,0.4807534205439512,False,-7.683085330805164,0.04478943112375035,1.9729238782492644,0.3142857142857143,1.6857142857142857,0.55,-0.2522748015384694
7d,168,gbm,0.7,none,5512,0.4218164722982317,0.40882857647801846,0.4348942704465379,False,-7.009068052865044,-0.08139054029677453,1.9729238782492644,0.2571428571428571,2.5142857142857142,0.5633333333333332,-0.4009913051809646
7d,168,gbm,0.7,vol_median,2239,0.4296988985285738,0.4092892564776342,0.4502639015214917,False,-4.906412523219924,0.04885406478322141,1.9729238782492644,0.3142857142857143,1.1714285714285715,0.45476190476190476,-0.26861116545940655
